captainmenchure,d78defb5-641c-4a4d-9c83-80bc014e823b
shadienigmar,beb90a21-ae1a-4867-bc7a-13ac32852b36
footman8,a803a15f-4468-41af-b654-f966721fb65b
supersnivy778,1ba4b6f4-02a5-47ee-b440-f43994c0f9d9
horsepoo,3125b267-b11f-407b-8ec7-1c5be1d7ec68
jleous,fb523942-e0cf-476c-a585-2cbec053c52e
voidacraft,3314a4e7-b34c-4022-8077-db0a1b226f33
itybigy,0b146cc4-c6c6-48ab-994a-fa10f12b7c2f
xxlithremxx,63ccfb40-f9db-487c-b62f-9b489a77140d
jewel6600,15d4bf87-2838-4556-b105-46df657b476f
legendsofzeldax,353f1c8b-186d-494c-8ef3-ab6b7908b20d
hotpockets316,45fc9939-5d9a-44da-a8f6-43b36fbe54d3
borntorockbaby,5e2b575e-0e33-424d-869f-d6767db1a425
oozra,2e2ebd67-69e4-4374-9985-fc8ca2f86a9d
messerschmittme,e0bb70f0-d9e8-4de2-b550-b314abde056b
squeakerloo999,411b7487-57e1-44b0-8e59-340d6f3a7047
jackmister2009,1d3dfda0-05c6-4f8a-bd01-747ed867a2fa
pletlibo,7dc88886-bdd2-4dda-b8d3-3f0d3bd26326
sweetbabycornz,aed398fe-185c-4817-9d28-e8f5576333ab
dankdurple,a18016e4-9212-4272-b63a-fd85ade35047
jonesbros,3ac1779b-34f7-48af-83dd-104bb3747126
ccable,b63f4e2b-5249-480a-9dd7-a1361cb9057d
piratelover5,35f59b2e-9242-4626-a4db-5c855b919af6
michaelw6v2,c711f750-c482-4072-9ef0-893cd4dedc5b
radisonh,120f3c23-5630-4dd2-988c-30d50c34a6ec
ginger_snaps61,cc180c7b-aa18-4d78-823f-a8bd0792b87f
ghastbuster13425,d4bc6457-2884-432c-92c6-6975cf98990b
shoted,1fdc820c-846a-44fa-87a3-e2a019fe0027
tonytrickmaster,0f31c8b5-2f0b-4298-8ef0-e52adbadfe87
tigercup9,7b4a72a3-29ce-4571-8505-0a17513aaa69
gifboom,bd6fc24a-0f42-4e52-af31-821a435f0de3
misterobama,5fd68b7c-e22d-468c-bf17-f3c183bead89
th0t_eradlcat0r,74ceafd3-f700-404b-9d71-95e26e269ebf
monsieurlapin,7911bd01-78d2-4f50-860b-1095ade799ac
bigdefy,24307b0d-68c7-4763-b347-1c4eb88d72e6
bioh2,eca7c79d-d611-4211-b697-f0d8b1df866c
tryn_mayweather,0b45da4e-dbf0-4192-a7cf-f57a41955735
nittanykids,d0aaef8f-e554-47ec-bfae-e43fb7cb7069
sundewseajelly,f1fa20d1-e427-481f-ae35-02614c2433b6
drumninja10,cc8466e7-52d6-45a2-9414-58d151f8a4a1
ironcaptain101,2d7a0b9e-c0a3-49c1-9bc9-be06b65830cc
lutzdoit,a6941f4d-3f90-445e-ad1c-dce73c69ae5e
thundercreeper54,f240a1be-51b3-403b-90b7-9e55cb2d2f77
greenowl925,67080d28-63c3-4dd3-97e8-9d6a52ab077a
lockerdoodle,1474963e-0a3d-4f0d-8070-69b99e7bb9ae
bikoo13,0656c7ba-9611-42d9-8579-37dc9c9d058a
babyjuice,41f46855-d9b9-4f5a-87ff-bc6232b71975
abomboo,9d1e5939-79cc-43dc-9c93-d4c1fb500e4f
bert_rob,e7ca4c92-a2ec-4866-a2a9-a1f0168c6ae0
jmy3,490756d2-df86-4a8c-bd29-99f680d42263
pianoman4,5533249c-9a2c-4b40-9bdc-283f32899e7d
sooohigh,63b91b27-39aa-47d0-a02b-96dfa11ee9fc
lavantan,6dae4a66-d15c-41fd-a499-cf8f212e94b4
saggymanboy,2b09c887-fa91-4083-b19c-34a3f57fdfdf
ccaleb_,b63f4e2b-5249-480a-9dd7-a1361cb9057d
lil_shua,674dcaf2-93ec-482a-b48c-cbbfa8a06b89
flatcrop,8edd5b32-bd48-4367-91c2-0151cb632f1d
ciaram21,63e841d0-d5b5-4794-bfed-0a49721bea18
michaelw6,1405dfcd-7067-4851-aedd-36fe2a60b4e7
bryant784,6f966cf9-73f1-4078-adb1-57a5b61e954c
kayleer28,7cb171ab-5bbb-4d88-8ff2-012a7b86d63b
6spongebob9,0d165b55-6890-4248-9e99-67f24a54e220
girlyhope335,83d1e80f-30ed-4f75-a3ec-99bcf98d2132
windswepted,95e990dc-2e84-4d49-ad1f-9e9f233ae08f
theeuropeanunion,7a2dda3f-5202-4ec0-a78d-14d08182fbf7
torchc,12dc567e-cf2e-47d9-a5cd-d64b46224918
poeticcupid,9a83770b-1419-48b8-9bb0-a5c920b65b32
shneeve,2631e87a-bfb8-4474-8ee2-bd3030418927
covid___20,559dc8ca-bf1d-4d0b-a586-3d1f71ca9230
evilhavarti,95f82d74-d566-4305-8f5e-452bafd0c72e
jacx2000,759b85da-4851-41c9-bc17-e02281ee63e3
riku_theoni,305681ad-99c1-4ca0-9739-3c3bee5ab94d
capitalizedsite,32589b01-28fd-4bb3-af94-2a8102a73c08
l3nttls0up,461740ff-0f4a-4f79-8a28-e6c825624246
pnut_,48b88ac5-25ec-4b2a-8f95-0ec82f194b18
14kwinston,2f11c5b0-60d6-42c0-b0cc-28fae321c585
dylanbmo,5f2afdf9-1bb2-4f9b-a5fe-ee357805d307
maracinocherry,92c5fe7e-7f60-46cf-8845-dce06dc1052d
tylerjgully,953fbc3a-8d00-468c-b83a-260975730c20
100smile001,0330b742-df63-46cd-ae9d-ce9437ab740b
legobrixpro,4b66af1e-1673-4884-be8f-3368b490d9be
sesese21,63e841d0-d5b5-4794-bfed-0a49721bea18
schram_wow,ceb02e81-c7cd-4605-8288-a18b7ac5ef1d
uraniad,f48512a4-bb9f-440a-a4f6-5711894ebc8f
pettyorange,f1a11cfa-db49-4a81-8ae0-056133e265d6
ltltimmy,d3476257-0faa-4e9e-afa6-9cae7903c78f
appliable,f65865b5-5796-43d6-83f2-cb678f72e977
yunglach,ef53e9de-3ca1-4be5-862a-510b36fca901
bitsybetsy,461740ff-0f4a-4f79-8a28-e6c825624246
mario18ab,cebb32aa-9957-418c-9ff8-f1094659acf7
eni0n,b50de92e-8370-474e-a084-f467c25bff21
hey_ray9999,56f99390-d9e2-414a-8a37-444d2cb92889
thegobbster,ff5f89c3-7f4b-44a8-8d4c-0699565d3dbc
crawmarx,800d2bd3-c604-4d02-97d0-d7dfca94d89d
seanpr10,ae10b175-0391-4754-a8f2-8bc284e5804d
_nachobear_,2bfe28d0-bfd8-43cf-b562-8d8986b18efe
assparagu5,4e65e1da-5fc9-4280-879c-bb30a3499e8c
caroleech,83edab7a-a87d-4ee9-b6d5-f5d0768a8218
chellzie,1d324b64-85e6-4669-b589-16874fd96c30
rainbowfrog117,b852f0d7-dbd6-47fb-9e75-0c6c9ea8f812
joiftaman,aa3a5d8b-17cf-41dc-a84b-8023bfb3ea14
olebabajr,a848241c-dcbb-49ff-935d-b89d99ac1b6a
llgcooperdog,3ed521af-d6f7-4149-96cb-63e98437ab83
kryptokrafter,f623ad1a-7f3f-48f3-bcdc-9eb0b74aa43c
finbojenkins,6bad2284-44fd-4131-aa96-aed18ecc2bb9
